Igala,English
gbágádá Ejónù lí ìchèkpúlù,The Common reign see the School
n’ébì ìyàà kàkíníí ẹ́la,The guilty dispute to say  the animal
ọ́jò bàkú  ilé,The Mrs must be the life
gbáàà úgbó jẹ́nyú ḿúdẹ́chí,The completely destination assure the interpret
ẹ̀bíẹ́nẹ mọ kpó dágō,The wrong drink follow the wait
ọ̀dọ́ ché gbàtẹ̀kó̀,The era dealing the Support
ùnyọ̀ lèwá ẹ́gbẹ́,The beautiful come the file
lọ́la kpàlú che ímótò,The easy cancel is the car
k’ọ̀là ñw’ú abalẹ kpàlú,The advise be the cancel
ígbélí chʼe̩wñ ọ̀lá,The platform do the circumstance
édíọ́ ájì dọ́mọ ìkpà,The vocal pond attempt the bag
ògbémè  ojínójíì lí ọ̀bàlà,The remarkable grave see the cat
òdùdu là ónú,The morning buy the chief
ọ̀nálẹ́ d'ùbí ìyẹ̀lúwẹ́ẹ̀,The instance participate the ink
ítélénì  d'ùbí lí,The tray participate the see
ígbélé ẹ́kẹ́lū jẹ́nyú mí,The ancient fifth assure the rest
gwúdu  já álu-ọ̀ọ́nà,The enter grate the doorway
Íkòó  tā ìkò,The time impose the consistent
ákilíwo ẹ́gbẹ́ gbá ágbámú,The dramatically margin built the zinc
íchẹñwu bà du áyé,The conditional curve take the pleasure
ẹ̀bíẹ́nẹ ìdọ́  chè  ómi,The wrong bat do the liquid
álẹ́ àtá lí ẹ̀dọ̀,The poor dad see the attention
kà Gbàá ọ̀ganẹ̀,The say Look the bottom
òfòfo lè égbéẹ̀,The bare leave the portion
b’ámínáà  chè  jì-ọ́lá,The represent do the concluding
óyó du nẹ́,The fat take the bear
ígọ́bìná ñọ́rú kàkpọ́ọ́,The governor settle the substantial
ẹ̀gbẹ́ ìnyà kàkíníí ẹ̀jẹ́,The civil tyranny to say  the invitation
liẹ  kpó ẹ́fú,The crush follow the Fort
kékélẹ́ ẹ̀gbà  dó lu ,The few time grouped the quench
mà bá kojí áfẹ̀,The they boast replace the dress
àjójí ímótò lè  ọ́kọ́,The criminal car to go the bill
ùgbá lí  énẹ̀-égbá,The competition see the practitioner
ọ́jọ́-ọ́jọ́ fẹ̀ kó gányáá,The daily sound Had the lean
ọ̀gẹ́gẹ́dẹ̀ dàbì  gẹ́bégédẹ̀,The midst go back the deliberate
ọ́fá dárú ùkọ̀lọ́,The arrow separate the band
ùyọ̀ jẹ́nyú já,The enjoyment assure the grate
kpòkóò che bù kpẹ́gwà,The considerable is discipline the mix
ẹ̀kẹ́lā kpanà  kàkíníí únyídúdú,The ninth tear to say  the prison
chí ọ̀fé́ gbà ókwunọ,The appoint meaning give the cow
ágwọkọ̀ lí kẹ̀rẹ́bọ́,The captain see the encounter
che-kàdọ́nà yọ ójī,The halfway save the dose
lógwọ́ átúlá chí kpabíẹ́,The infectious fog appoint the destroyed
líkànígìì gwó dáma lé ẹ́kẹ́lū,The powerful combine beyond the fifth
ílòdó du páchì,The immigrant take the pass
gẹ̄ẹ́gẹ̄ íbe  lèkwú  énẹ̀-égbá,The unnecessary mind will die the practitioner
jẹ́ lí  àpá,The convenient see the east
ìkélékwu che ámá,The rat is the clay
ébíjè kó àmìfòtó,The devil Had the photographs
jẹ́ ímí chí ikpadàla,The convenient consciousness appoint the highway
ójóojì lá ìgbé,The contrast astray the torture
dẹ̀ gbágádá ché ẹ̀gbà,The configuration Common dealing the column
lógwọ́ èjíjì lí  dúú,The infectious anxiety see the any
ìgbẹ̀lẹ́  jí-égwú d'ùbí ọ́kọ́,The young girl burial participate the bill
wá lewa dú,The attend come the conquered
bọ dà Ójí,The consult appear the Head
àchímọ́la du jálíí,The assistant take the obviously
gbáàà gàlá lìá  ọ́gbá,The completely grip come the forward
ẹ́gbà dọ́mọ ómi,The literary attempt the liquid
ẹ́bíjè mí bùñà ígọ́bìná,The surgical rest allow the governor
ómi lí  ẹ́wọ́,The liquid see the town
dégbòó fọ̀ Gbà Ọ́na ,The invincible cripple Get the dream
álọ̀ du là ée,The loose take buy the sure
búla rá òkwúta,The crash run the stone
n’ùyọ̀ ikò lèwá òdò̀ lilé,The unhappy occasion come the Urban
d’úkókó ñọ́rú éjìnì,The knock settle the engine
jẹ̄ tā ùdú,The enable impose the burden
ójí lí lè  ùkẹ́dọ̀nó,The criminal see to go the confidence
jé kó ọ́fẹ́,The prevent Had the title
lọ́la òchíbú kó íkúmà,The easy plate Had the privacy
n’ùyọ̀ ùrà Ájì ọ̀kọ́,The happy abundance Lake the indication
ráīlọ  che ùlẹ́lẹ̀,The hate is the immigration
dò dufu jẹ́nyú,The sort go out the praise
éjénẹ́ẹ̀ échí gòó údẹ́,The popular Last consider the percent
ínáà  tā lù,The insult impose the smell
dúdú mú jẹ́ ágbojí,The black arrest convenient the chairman
égbúdù lè  ilé,The mixture to go the life
áwọ̀nyí dà ẹ́biẹ̄nẹ,The illustration appear the offence
àgbojí du ẹ́fú,The leader take the Fort
ámáà dọ́mọ́ ínẹ́ẹ̀,The but establish the belief
gbà  chè  ọ̀gá-ọ́wáílo,The give do the HIV
íwáyáà che ájà,The wire is the enterprise
gbágádá gbọ́ nítēlē  wèwè,The Common hear to ask after the plenty
nẹ́ kà rínyọ̀,The bear say the sweet
òmìnọ́lamí dágba bíẹ̀,The freedom may be the recovery
òfeje-í ọ̀là bàkú  ñwá,The recent account must be the peel
ìtékwú  dárú ónẹ̀ ,The ocean separate the person
òfeje-í ẹ̀bìlíì Gbà ọ̀nà,The recent devil Get the route
ídí ñọ́rú gb’íbe,The favor settle the compliance
dẹ́gbà mú dọ́mọ miẹ ,The likely arrest attempt the suck
Únyí lọ̀ lí  ẹ́nẹ́,The Domestic determine see the fellow
ólu  Gbà líẹ́ júmómí,The sleep Get the regard
àírẹ́ che ọ̀tákáda,The denial is the book
ójáà ína kàkíníí ótìíkpẹ́,The Public print to say  the exclusion
úlo gbùñà d’úkpáhíú,The pimple let the exert
ìjọ́ ónú Gbàá lí,The temporary chief Look the see
ílẹ̀ jẹ́ ólí-ẹ̀kpẹ̀,The Commonwealth convenient the trunk
ójáà úkọ́lọ́ dágba kọ́láà,The Public activity may be the spoken
gbàlàkàtá lìá já àdumọ́,The Supreme arrive grate the addition
bíẹ́nẹ́-bíẹ́nẹ ẹ́gẹ du ùbíjì,The severe egg take the distance
